index,1363,3013,3351,4384,5653,11095,11098,13734,15464,15631,15966,Average_1,Average_2,Average_3,Average_4,Average_5,Average_6,Average_7,Average_8,Average_9,Average_10,Average_11
IMonth,6,6,6,6,6,6,6,6,6,6,6,6,6,6,6,6,6,6,6,6,6,6
OccuNum,1,1,1,1,1,1,1,1,1,1,1,1,1,1,1,1,1,1,1,1,1,1
AccomType,Flat_Maisonette,Flat_Maisonette,Flat_Maisonette,Flat_Maisonette,Flat_Maisonette,Flat_Maisonette,Flat_Maisonette,Flat_Maisonette,Flat_Maisonette,Flat_Maisonette,Flat_Maisonette,Flat_Maisonette,Flat_Maisonette,Flat_Maisonette,Flat_Maisonette,Flat_Maisonette,Flat_Maisonette,Flat_Maisonette,Flat_Maisonette,Flat_Maisonette,Flat_Maisonette,Flat_Maisonette
DiaryDay_Act,Tuesday,Tuesday,Tuesday,Tuesday,Tuesday,Tuesday,Tuesday,Tuesday,Tuesday,Tuesday,Tuesday,Tuesday,Tuesday,Tuesday,Tuesday,Tuesday,Tuesday,Tuesday,Tuesday,Tuesday,Tuesday,Tuesday
00:00:00,1,1,1,1,1,1,1,1,1,1,1,1.0,1.0,1.0,1.0,1.0,1.0,1.0,1.0,1.0,1.0,1.0
00:10:00,1,1,1,1,1,1,1,1,1,1,1,1.0,1.0,1.0,1.0,1.0,1.0,1.0,1.0,1.0,1.0,1.0
00:20:00,1.0,1.0,1.0,1.0,1.0,1.0,1.0,1.0,1.0,1.0,1.0,1.0,1.0,1.0,1.0,1.0,1.0,1.0,1.0,1.0,1.0,1.0
00:30:00,1,1,1,1,1,1,1,1,1,1,1,1.0,1.0,1.0,1.0,1.0,1.0,1.0,1.0,1.0,1.0,1.0
00:40:00,1,1,1,1,1,1,1,1,1,1,1,1.0,1.0,1.0,1.0,1.0,1.0,1.0,1.0,1.0,1.0,1.0
00:50:00,1,1,1,1,1,1,1,1,1,1,1,1.0,1.0,1.0,1.0,1.0,1.0,1.0,1.0,1.0,1.0,1.0
01:00:00,1,1,1,1,1,1,1,1,1,1,1,1.0,1.0,1.0,1.0,1.0,1.0,1.0,1.0,1.0,1.0,1.0
01:10:00,1,1,1,1,1,1,1,1,1,1,1,1.0,1.0,1.0,1.0,1.0,1.0,1.0,1.0,1.0,1.0,1.0
01:20:00,1,1,1,1,1,1,1,1,1,1,1,1.0,1.0,1.0,1.0,1.0,1.0,1.0,1.0,1.0,1.0,1.0
01:30:00,1,1,1,1,1,1,1,1,1,1,1,1.0,1.0,1.0,1.0,1.0,1.0,1.0,1.0,1.0,1.0,1.0
01:40:00,1,1,1,1,1,1,1,1,1,1,1,1.0,1.0,1.0,1.0,1.0,1.0,1.0,1.0,1.0,1.0,1.0
01:50:00,1,1,1,1,1,1,1,1,1,1,1,1.0,1.0,1.0,1.0,1.0,1.0,1.0,1.0,1.0,1.0,1.0
02:00:00,1,1,1,1,1,1,1,1,1,1,1,1.0,1.0,1.0,1.0,1.0,1.0,1.0,1.0,1.0,1.0,1.0
02:10:00,1.0,1.0,1.0,1.0,1.0,1.0,1.0,1.0,1.0,1.0,1.0,1.0,1.0,1.0,1.0,1.0,1.0,1.0,1.0,1.0,1.0,1.0
02:20:00,1.0,1.0,1.0,1.0,1.0,1.0,1.0,1.0,1.0,1.0,1.0,1.0,1.0,1.0,1.0,1.0,1.0,1.0,1.0,1.0,1.0,1.0
02:30:00,1.0,1.0,1.0,1.0,1.0,1.0,1.0,1.0,1.0,1.0,1.0,1.0,1.0,1.0,1.0,1.0,1.0,1.0,1.0,1.0,1.0,1.0
02:40:00,1,1,1,1,1,1,1,1,1,1,1,1.0,1.0,1.0,1.0,1.0,1.0,1.0,1.0,1.0,1.0,1.0
02:50:00,1,1,1,1,1,1,1,1,1,1,1,1.0,1.0,1.0,1.0,1.0,1.0,1.0,1.0,1.0,1.0,1.0
03:00:00,1,1,1,1,1,1,1,1,1,1,1,1.0,1.0,1.0,1.0,1.0,1.0,1.0,1.0,1.0,1.0,1.0
03:10:00,1,1,1,1,1,1,1,1,1,1,1,1.0,1.0,1.0,1.0,1.0,1.0,1.0,1.0,1.0,1.0,1.0
03:20:00,1,1,1,1,1,1,1,1,1,1,1,1.0,1.0,1.0,1.0,1.0,1.0,1.0,1.0,1.0,1.0,1.0
03:30:00,1,1,1,1,1,1,1,1,1,1,1,1.0,1.0,1.0,1.0,1.0,1.0,1.0,1.0,1.0,1.0,1.0
03:40:00,1,1,1,1,1,1,1,1,1,1,1,1.0,1.0,1.0,1.0,1.0,1.0,1.0,1.0,1.0,1.0,1.0
03:50:00,1,1,1,1,1,1,1,1,1,1,1,1.0,1.0,1.0,1.0,1.0,1.0,1.0,1.0,1.0,1.0,1.0
04:00:00,1,1,1,1,1,1,1,1,1,1,1,1.0,1.0,1.0,1.0,1.0,1.0,1.0,1.0,1.0,1.0,1.0
04:10:00,1,1,1,1,1,1,1,1,1,1,1,1.0,1.0,1.0,1.0,1.0,1.0,1.0,1.0,1.0,1.0,1.0
04:20:00,1,1,1,1,1,1,1,1,1,1,1,1.0,1.0,1.0,1.0,1.0,1.0,1.0,1.0,1.0,1.0,1.0
04:30:00,1,1,1,1,1,1,1,1,1,1,1,1.0,1.0,1.0,1.0,1.0,1.0,1.0,1.0,1.0,1.0,1.0
04:40:00,1,1,1,1,1,1,1,1,1,1,1,1.0,1.0,1.0,1.0,1.0,1.0,1.0,1.0,1.0,1.0,1.0
04:50:00,1,1,1,1,1,1,1,1,1,1,1,1.0,1.0,1.0,1.0,1.0,1.0,1.0,1.0,1.0,1.0,1.0
05:00:00,1.0,1.0,0.0,1.0,1.0,1.0,1.0,1.0,1.0,1.0,1.0,0.9090909090909091,0.9090909090909091,0.9090909090909091,0.9090909090909091,0.9090909090909091,0.9090909090909091,0.9090909090909091,0.9090909090909091,0.9090909090909091,0.9090909090909091,0.9090909090909091
05:10:00,1,1,0,1,1,1,1,1,1,1,1,0.9090909090909091,0.9090909090909091,0.9090909090909091,0.9090909090909091,0.9090909090909091,0.9090909090909091,0.9090909090909091,0.9090909090909091,0.9090909090909091,0.9090909090909091,0.9090909090909091
05:20:00,1,1,0,1,1,1,1,1,1,1,1,0.9090909090909091,0.9090909090909091,0.9090909090909091,0.9090909090909091,0.9090909090909091,0.9090909090909091,0.9090909090909091,0.9090909090909091,0.9090909090909091,0.9090909090909091,0.9090909090909091
05:30:00,1,1,0,1,1,1,1,1,1,1,1,0.9090909090909091,0.9090909090909091,0.9090909090909091,0.9090909090909091,0.9090909090909091,0.9090909090909091,0.9090909090909091,0.9090909090909091,0.9090909090909091,0.9090909090909091,0.9090909090909091
05:40:00,1,1,1,1,1,0,1,1,1,1,1,0.9090909090909091,0.9090909090909091,0.9090909090909091,0.9090909090909091,0.9090909090909091,0.9090909090909091,0.9090909090909091,0.9090909090909091,0.9090909090909091,0.9090909090909091,0.9090909090909091
05:50:00,1,1,1,1,1,0,1,1,1,1,1,0.9090909090909091,0.9090909090909091,0.9090909090909091,0.9090909090909091,0.9090909090909091,0.9090909090909091,0.9090909090909091,0.9090909090909091,0.9090909090909091,0.9090909090909091,0.9090909090909091
06:00:00,1.0,1.0,0.0,1.0,1.0,0.0,1.0,1.0,1.0,1.0,1.0,0.8181818181818182,0.8181818181818182,0.8181818181818182,0.8181818181818182,0.8181818181818182,0.8181818181818182,0.8181818181818182,0.8181818181818182,0.8181818181818182,0.8181818181818182,0.8181818181818182
06:10:00,1,1,0,1,1,0,1,1,1,1,1,0.8181818181818182,0.8181818181818182,0.8181818181818182,0.8181818181818182,0.8181818181818182,0.8181818181818182,0.8181818181818182,0.8181818181818182,0.8181818181818182,0.8181818181818182,0.8181818181818182
06:20:00,1,1,0,1,1,0,1,1,1,1,1,0.8181818181818182,0.8181818181818182,0.8181818181818182,0.8181818181818182,0.8181818181818182,0.8181818181818182,0.8181818181818182,0.8181818181818182,0.8181818181818182,0.8181818181818182,0.8181818181818182
06:30:00,1,1,0,1,1,0,1,1,1,1,1,0.8181818181818182,0.8181818181818182,0.8181818181818182,0.8181818181818182,0.8181818181818182,0.8181818181818182,0.8181818181818182,0.8181818181818182,0.8181818181818182,0.8181818181818182,0.8181818181818182
06:40:00,1,1,0,1,1,0,1,1,1,1,1,0.8181818181818182,0.8181818181818182,0.8181818181818182,0.8181818181818182,0.8181818181818182,0.8181818181818182,0.8181818181818182,0.8181818181818182,0.8181818181818182,0.8181818181818182,0.8181818181818182
06:50:00,1,1,0,1,1,0,1,1,1,1,1,0.8181818181818182,0.8181818181818182,0.8181818181818182,0.8181818181818182,0.8181818181818182,0.8181818181818182,0.8181818181818182,0.8181818181818182,0.8181818181818182,0.8181818181818182,0.8181818181818182
07:00:00,1,1,0,1,1,0,1,1,1,1,1,0.8181818181818182,0.8181818181818182,0.8181818181818182,0.8181818181818182,0.8181818181818182,0.8181818181818182,0.8181818181818182,0.8181818181818182,0.8181818181818182,0.8181818181818182,0.8181818181818182
07:10:00,1,1,0,1,1,0,1,1,1,1,1,0.8181818181818182,0.8181818181818182,0.8181818181818182,0.8181818181818182,0.8181818181818182,0.8181818181818182,0.8181818181818182,0.8181818181818182,0.8181818181818182,0.8181818181818182,0.8181818181818182
07:20:00,1,1,0,1,1,0,1,1,1,1,1,0.8181818181818182,0.8181818181818182,0.8181818181818182,0.8181818181818182,0.8181818181818182,0.8181818181818182,0.8181818181818182,0.8181818181818182,0.8181818181818182,0.8181818181818182,0.8181818181818182
07:30:00,1,1,0,1,1,0,1,1,1,1,1,0.8181818181818182,0.8181818181818182,0.8181818181818182,0.8181818181818182,0.8181818181818182,0.8181818181818182,0.8181818181818182,0.8181818181818182,0.8181818181818182,0.8181818181818182,0.8181818181818182
07:40:00,1,1,0,1,1,0,1,1,1,1,1,0.8181818181818182,0.8181818181818182,0.8181818181818182,0.8181818181818182,0.8181818181818182,0.8181818181818182,0.8181818181818182,0.8181818181818182,0.8181818181818182,0.8181818181818182,0.8181818181818182
07:50:00,0.0,1.0,0.0,0.0,1.0,0.0,1.0,1.0,1.0,1.0,1.0,0.6363636363636364,0.6363636363636364,0.6363636363636364,0.6363636363636364,0.6363636363636364,0.6363636363636364,0.6363636363636364,0.6363636363636364,0.6363636363636364,0.6363636363636364,0.6363636363636364
08:00:00,0,1,0,0,1,1,1,1,1,1,1,0.7272727272727273,0.7272727272727273,0.7272727272727273,0.7272727272727273,0.7272727272727273,0.7272727272727273,0.7272727272727273,0.7272727272727273,0.7272727272727273,0.7272727272727273,0.7272727272727273
08:10:00,0,1,0,1,1,1,1,1,1,1,1,0.8181818181818182,0.8181818181818182,0.8181818181818182,0.8181818181818182,0.8181818181818182,0.8181818181818182,0.8181818181818182,0.8181818181818182,0.8181818181818182,0.8181818181818182,0.8181818181818182
08:20:00,0.0,1.0,0.0,0.0,1.0,1.0,1.0,1.0,1.0,0.0,1.0,0.6363636363636364,0.6363636363636364,0.6363636363636364,0.6363636363636364,0.6363636363636364,0.6363636363636364,0.6363636363636364,0.6363636363636364,0.6363636363636364,0.6363636363636364,0.6363636363636364
08:30:00,0,1,0,0,1,1,1,1,1,0,1,0.6363636363636364,0.6363636363636364,0.6363636363636364,0.6363636363636364,0.6363636363636364,0.6363636363636364,0.6363636363636364,0.6363636363636364,0.6363636363636364,0.6363636363636364,0.6363636363636364
08:40:00,0,1,0,0,1,1,1,1,1,0,1,0.6363636363636364,0.6363636363636364,0.6363636363636364,0.6363636363636364,0.6363636363636364,0.6363636363636364,0.6363636363636364,0.6363636363636364,0.6363636363636364,0.6363636363636364,0.6363636363636364
08:50:00,0,1,0,0,1,1,1,1,1,0,1,0.6363636363636364,0.6363636363636364,0.6363636363636364,0.6363636363636364,0.6363636363636364,0.6363636363636364,0.6363636363636364,0.6363636363636364,0.6363636363636364,0.6363636363636364,0.6363636363636364
09:00:00,1,1,0,0,1,1,1,0,1,0,1,0.6363636363636364,0.6363636363636364,0.6363636363636364,0.6363636363636364,0.6363636363636364,0.6363636363636364,0.6363636363636364,0.6363636363636364,0.6363636363636364,0.6363636363636364,0.6363636363636364
09:10:00,1,1,0,0,1,1,1,0,1,0,1,0.6363636363636364,0.6363636363636364,0.6363636363636364,0.6363636363636364,0.6363636363636364,0.6363636363636364,0.6363636363636364,0.6363636363636364,0.6363636363636364,0.6363636363636364,0.6363636363636364
09:20:00,1,1,0,0,1,1,1,0,1,0,1,0.6363636363636364,0.6363636363636364,0.6363636363636364,0.6363636363636364,0.6363636363636364,0.6363636363636364,0.6363636363636364,0.6363636363636364,0.6363636363636364,0.6363636363636364,0.6363636363636364
09:30:00,1.0,1.0,0.0,0.0,1.0,1.0,1.0,0.0,0.0,0.0,1.0,0.5454545454545454,0.5454545454545454,0.5454545454545454,0.5454545454545454,0.5454545454545454,0.5454545454545454,0.5454545454545454,0.5454545454545454,0.5454545454545454,0.5454545454545454,0.5454545454545454
09:40:00,1.0,1.0,0.0,0.0,1.0,1.0,1.0,0.0,0.0,0.0,1.0,0.5454545454545454,0.5454545454545454,0.5454545454545454,0.5454545454545454,0.5454545454545454,0.5454545454545454,0.5454545454545454,0.5454545454545454,0.5454545454545454,0.5454545454545454,0.5454545454545454
09:50:00,1.0,1.0,0.0,0.0,1.0,1.0,1.0,0.0,0.0,0.0,1.0,0.5454545454545454,0.5454545454545454,0.5454545454545454,0.5454545454545454,0.5454545454545454,0.5454545454545454,0.5454545454545454,0.5454545454545454,0.5454545454545454,0.5454545454545454,0.5454545454545454
10:00:00,1.0,1.0,0.0,0.0,1.0,1.0,1.0,0.0,0.0,0.0,1.0,0.5454545454545454,0.5454545454545454,0.5454545454545454,0.5454545454545454,0.5454545454545454,0.5454545454545454,0.5454545454545454,0.5454545454545454,0.5454545454545454,0.5454545454545454,0.5454545454545454
10:10:00,1.0,1.0,0.0,0.0,1.0,1.0,1.0,0.0,0.0,0.0,1.0,0.5454545454545454,0.5454545454545454,0.5454545454545454,0.5454545454545454,0.5454545454545454,0.5454545454545454,0.5454545454545454,0.5454545454545454,0.5454545454545454,0.5454545454545454,0.5454545454545454
10:20:00,0.0,1.0,0.0,0.0,1.0,1.0,1.0,0.0,0.0,0.0,1.0,0.45454545454545453,0.45454545454545453,0.45454545454545453,0.45454545454545453,0.45454545454545453,0.45454545454545453,0.45454545454545453,0.45454545454545453,0.45454545454545453,0.45454545454545453,0.45454545454545453
10:30:00,0.0,0.0,0.0,0.0,1.0,1.0,1.0,0.0,0.0,0.0,1.0,0.36363636363636365,0.36363636363636365,0.36363636363636365,0.36363636363636365,0.36363636363636365,0.36363636363636365,0.36363636363636365,0.36363636363636365,0.36363636363636365,0.36363636363636365,0.36363636363636365
10:40:00,0.0,0.0,0.0,0.0,1.0,1.0,1.0,0.0,0.0,0.0,1.0,0.36363636363636365,0.36363636363636365,0.36363636363636365,0.36363636363636365,0.36363636363636365,0.36363636363636365,0.36363636363636365,0.36363636363636365,0.36363636363636365,0.36363636363636365,0.36363636363636365
10:50:00,0.0,0.0,0.0,0.0,1.0,1.0,1.0,0.0,0.0,0.0,1.0,0.36363636363636365,0.36363636363636365,0.36363636363636365,0.36363636363636365,0.36363636363636365,0.36363636363636365,0.36363636363636365,0.36363636363636365,0.36363636363636365,0.36363636363636365,0.36363636363636365
11:00:00,0.0,0.0,0.0,0.0,1.0,1.0,0.0,0.0,0.0,0.0,1.0,0.2727272727272727,0.2727272727272727,0.2727272727272727,0.2727272727272727,0.2727272727272727,0.2727272727272727,0.2727272727272727,0.2727272727272727,0.2727272727272727,0.2727272727272727,0.2727272727272727
11:10:00,0.0,0.0,1.0,0.0,1.0,1.0,0.0,0.0,0.0,0.0,1.0,0.36363636363636365,0.36363636363636365,0.36363636363636365,0.36363636363636365,0.36363636363636365,0.36363636363636365,0.36363636363636365,0.36363636363636365,0.36363636363636365,0.36363636363636365,0.36363636363636365
11:20:00,0.0,0.0,1.0,0.0,0.0,1.0,0.0,0.0,0.0,0.0,1.0,0.2727272727272727,0.2727272727272727,0.2727272727272727,0.2727272727272727,0.2727272727272727,0.2727272727272727,0.2727272727272727,0.2727272727272727,0.2727272727272727,0.2727272727272727,0.2727272727272727
11:30:00,0.0,0.0,0.0,0.0,0.0,1.0,0.0,0.0,0.0,0.0,0.0,0.09090909090909091,0.09090909090909091,0.09090909090909091,0.09090909090909091,0.09090909090909091,0.09090909090909091,0.09090909090909091,0.09090909090909091,0.09090909090909091,0.09090909090909091,0.09090909090909091
11:40:00,0.0,0.0,0.0,0.0,0.0,1.0,0.0,0.0,0.0,0.0,0.0,0.09090909090909091,0.09090909090909091,0.09090909090909091,0.09090909090909091,0.09090909090909091,0.09090909090909091,0.09090909090909091,0.09090909090909091,0.09090909090909091,0.09090909090909091,0.09090909090909091
11:50:00,0.0,0.0,0.0,0.0,0.0,1.0,1.0,0.0,0.0,0.0,0.0,0.18181818181818182,0.18181818181818182,0.18181818181818182,0.18181818181818182,0.18181818181818182,0.18181818181818182,0.18181818181818182,0.18181818181818182,0.18181818181818182,0.18181818181818182,0.18181818181818182
12:00:00,0,0,0,1,0,1,1,0,0,0,0,0.2727272727272727,0.2727272727272727,0.2727272727272727,0.2727272727272727,0.2727272727272727,0.2727272727272727,0.2727272727272727,0.2727272727272727,0.2727272727272727,0.2727272727272727,0.2727272727272727
12:10:00,1,0,0,1,0,1,1,0,0,0,0,0.36363636363636365,0.36363636363636365,0.36363636363636365,0.36363636363636365,0.36363636363636365,0.36363636363636365,0.36363636363636365,0.36363636363636365,0.36363636363636365,0.36363636363636365,0.36363636363636365
12:20:00,1,0,0,1,0,1,1,0,0,0,0,0.36363636363636365,0.36363636363636365,0.36363636363636365,0.36363636363636365,0.36363636363636365,0.36363636363636365,0.36363636363636365,0.36363636363636365,0.36363636363636365,0.36363636363636365,0.36363636363636365
12:30:00,1,0,0,1,0,1,1,0,1,0,0,0.45454545454545453,0.45454545454545453,0.45454545454545453,0.45454545454545453,0.45454545454545453,0.45454545454545453,0.45454545454545453,0.45454545454545453,0.45454545454545453,0.45454545454545453,0.45454545454545453
12:40:00,1.0,0.0,0.0,0.0,0.0,1.0,1.0,0.0,1.0,0.0,0.0,0.36363636363636365,0.36363636363636365,0.36363636363636365,0.36363636363636365,0.36363636363636365,0.36363636363636365,0.36363636363636365,0.36363636363636365,0.36363636363636365,0.36363636363636365,0.36363636363636365
12:50:00,1.0,0.0,0.0,0.0,0.0,1.0,1.0,0.0,1.0,0.0,1.0,0.45454545454545453,0.45454545454545453,0.45454545454545453,0.45454545454545453,0.45454545454545453,0.45454545454545453,0.45454545454545453,0.45454545454545453,0.45454545454545453,0.45454545454545453,0.45454545454545453
13:00:00,1.0,0.0,0.0,0.0,1.0,1.0,0.0,0.0,1.0,0.0,1.0,0.45454545454545453,0.45454545454545453,0.45454545454545453,0.45454545454545453,0.45454545454545453,0.45454545454545453,0.45454545454545453,0.45454545454545453,0.45454545454545453,0.45454545454545453,0.45454545454545453
13:10:00,1.0,0.0,0.0,0.0,1.0,1.0,0.0,0.0,1.0,0.0,1.0,0.45454545454545453,0.45454545454545453,0.45454545454545453,0.45454545454545453,0.45454545454545453,0.45454545454545453,0.45454545454545453,0.45454545454545453,0.45454545454545453,0.45454545454545453,0.45454545454545453
13:20:00,1.0,0.0,0.0,0.0,1.0,1.0,0.0,0.0,1.0,0.0,1.0,0.45454545454545453,0.45454545454545453,0.45454545454545453,0.45454545454545453,0.45454545454545453,0.45454545454545453,0.45454545454545453,0.45454545454545453,0.45454545454545453,0.45454545454545453,0.45454545454545453
13:30:00,1.0,0.0,0.0,0.0,1.0,1.0,0.0,1.0,1.0,0.0,1.0,0.5454545454545454,0.5454545454545454,0.5454545454545454,0.5454545454545454,0.5454545454545454,0.5454545454545454,0.5454545454545454,0.5454545454545454,0.5454545454545454,0.5454545454545454,0.5454545454545454
13:40:00,1,0,0,0,0,1,0,1,1,0,1,0.45454545454545453,0.45454545454545453,0.45454545454545453,0.45454545454545453,0.45454545454545453,0.45454545454545453,0.45454545454545453,0.45454545454545453,0.45454545454545453,0.45454545454545453,0.45454545454545453
13:50:00,1,0,0,0,0,1,0,1,1,0,1,0.45454545454545453,0.45454545454545453,0.45454545454545453,0.45454545454545453,0.45454545454545453,0.45454545454545453,0.45454545454545453,0.45454545454545453,0.45454545454545453,0.45454545454545453,0.45454545454545453
14:00:00,1.0,1.0,0.0,0.0,1.0,1.0,1.0,0.0,1.0,0.0,0.0,0.5454545454545454,0.5454545454545454,0.5454545454545454,0.5454545454545454,0.5454545454545454,0.5454545454545454,0.5454545454545454,0.5454545454545454,0.5454545454545454,0.5454545454545454,0.5454545454545454
14:10:00,1.0,1.0,0.0,0.0,1.0,1.0,1.0,0.0,0.0,0.0,0.0,0.45454545454545453,0.45454545454545453,0.45454545454545453,0.45454545454545453,0.45454545454545453,0.45454545454545453,0.45454545454545453,0.45454545454545453,0.45454545454545453,0.45454545454545453,0.45454545454545453
14:20:00,1.0,1.0,0.0,0.0,1.0,1.0,1.0,0.0,0.0,0.0,0.0,0.45454545454545453,0.45454545454545453,0.45454545454545453,0.45454545454545453,0.45454545454545453,0.45454545454545453,0.45454545454545453,0.45454545454545453,0.45454545454545453,0.45454545454545453,0.45454545454545453
14:30:00,1.0,1.0,0.0,0.0,0.0,1.0,1.0,0.0,0.0,0.0,0.0,0.36363636363636365,0.36363636363636365,0.36363636363636365,0.36363636363636365,0.36363636363636365,0.36363636363636365,0.36363636363636365,0.36363636363636365,0.36363636363636365,0.36363636363636365,0.36363636363636365
14:40:00,1.0,1.0,0.0,0.0,0.0,1.0,1.0,0.0,0.0,0.0,0.0,0.36363636363636365,0.36363636363636365,0.36363636363636365,0.36363636363636365,0.36363636363636365,0.36363636363636365,0.36363636363636365,0.36363636363636365,0.36363636363636365,0.36363636363636365,0.36363636363636365
14:50:00,1.0,1.0,0.0,0.0,0.0,1.0,1.0,0.0,1.0,0.0,0.0,0.45454545454545453,0.45454545454545453,0.45454545454545453,0.45454545454545453,0.45454545454545453,0.45454545454545453,0.45454545454545453,0.45454545454545453,0.45454545454545453,0.45454545454545453,0.45454545454545453
15:00:00,1.0,0.0,0.0,0.0,0.0,0.0,1.0,0.0,1.0,0.0,1.0,0.36363636363636365,0.36363636363636365,0.36363636363636365,0.36363636363636365,0.36363636363636365,0.36363636363636365,0.36363636363636365,0.36363636363636365,0.36363636363636365,0.36363636363636365,0.36363636363636365
15:10:00,1.0,0.0,0.0,0.0,0.0,0.0,1.0,0.0,1.0,0.0,1.0,0.36363636363636365,0.36363636363636365,0.36363636363636365,0.36363636363636365,0.36363636363636365,0.36363636363636365,0.36363636363636365,0.36363636363636365,0.36363636363636365,0.36363636363636365,0.36363636363636365
15:20:00,1.0,0.0,0.0,0.0,0.0,0.0,1.0,0.0,1.0,0.0,1.0,0.36363636363636365,0.36363636363636365,0.36363636363636365,0.36363636363636365,0.36363636363636365,0.36363636363636365,0.36363636363636365,0.36363636363636365,0.36363636363636365,0.36363636363636365,0.36363636363636365
15:30:00,1.0,0.0,0.0,0.0,0.0,0.0,1.0,0.0,1.0,0.0,1.0,0.36363636363636365,0.36363636363636365,0.36363636363636365,0.36363636363636365,0.36363636363636365,0.36363636363636365,0.36363636363636365,0.36363636363636365,0.36363636363636365,0.36363636363636365,0.36363636363636365
15:40:00,1.0,0.0,0.0,0.0,0.0,0.0,1.0,0.0,1.0,0.0,1.0,0.36363636363636365,0.36363636363636365,0.36363636363636365,0.36363636363636365,0.36363636363636365,0.36363636363636365,0.36363636363636365,0.36363636363636365,0.36363636363636365,0.36363636363636365,0.36363636363636365
15:50:00,1.0,0.0,0.0,0.0,0.0,0.0,1.0,0.0,1.0,0.0,1.0,0.36363636363636365,0.36363636363636365,0.36363636363636365,0.36363636363636365,0.36363636363636365,0.36363636363636365,0.36363636363636365,0.36363636363636365,0.36363636363636365,0.36363636363636365,0.36363636363636365
16:00:00,1.0,0.0,0.0,0.0,0.0,0.0,1.0,0.0,1.0,0.0,1.0,0.36363636363636365,0.36363636363636365,0.36363636363636365,0.36363636363636365,0.36363636363636365,0.36363636363636365,0.36363636363636365,0.36363636363636365,0.36363636363636365,0.36363636363636365,0.36363636363636365
16:10:00,1.0,0.0,0.0,0.0,0.0,0.0,1.0,0.0,1.0,0.0,1.0,0.36363636363636365,0.36363636363636365,0.36363636363636365,0.36363636363636365,0.36363636363636365,0.36363636363636365,0.36363636363636365,0.36363636363636365,0.36363636363636365,0.36363636363636365,0.36363636363636365
16:20:00,1.0,0.0,0.0,0.0,0.0,0.0,1.0,0.0,1.0,0.0,0.0,0.2727272727272727,0.2727272727272727,0.2727272727272727,0.2727272727272727,0.2727272727272727,0.2727272727272727,0.2727272727272727,0.2727272727272727,0.2727272727272727,0.2727272727272727,0.2727272727272727
16:30:00,1.0,0.0,0.0,0.0,0.0,1.0,1.0,0.0,0.0,0.0,0.0,0.2727272727272727,0.2727272727272727,0.2727272727272727,0.2727272727272727,0.2727272727272727,0.2727272727272727,0.2727272727272727,0.2727272727272727,0.2727272727272727,0.2727272727272727,0.2727272727272727
16:40:00,1.0,1.0,1.0,0.0,0.0,1.0,1.0,0.0,0.0,0.0,0.0,0.45454545454545453,0.45454545454545453,0.45454545454545453,0.45454545454545453,0.45454545454545453,0.45454545454545453,0.45454545454545453,0.45454545454545453,0.45454545454545453,0.45454545454545453,0.45454545454545453
16:50:00,1.0,1.0,1.0,0.0,0.0,1.0,1.0,0.0,0.0,0.0,0.0,0.45454545454545453,0.45454545454545453,0.45454545454545453,0.45454545454545453,0.45454545454545453,0.45454545454545453,0.45454545454545453,0.45454545454545453,0.45454545454545453,0.45454545454545453,0.45454545454545453
17:00:00,1.0,1.0,1.0,1.0,0.0,1.0,1.0,0.0,0.0,0.0,1.0,0.6363636363636364,0.6363636363636364,0.6363636363636364,0.6363636363636364,0.6363636363636364,0.6363636363636364,0.6363636363636364,0.6363636363636364,0.6363636363636364,0.6363636363636364,0.6363636363636364
17:10:00,1.0,1.0,1.0,1.0,0.0,1.0,1.0,0.0,0.0,0.0,1.0,0.6363636363636364,0.6363636363636364,0.6363636363636364,0.6363636363636364,0.6363636363636364,0.6363636363636364,0.6363636363636364,0.6363636363636364,0.6363636363636364,0.6363636363636364,0.6363636363636364
17:20:00,1.0,1.0,0.0,1.0,0.0,1.0,1.0,0.0,,1.0,1.0,0.7,0.7,0.7,0.7,0.7,0.7,0.7,0.7,0.7,0.7,0.7
17:30:00,1.0,1.0,0.0,1.0,1.0,1.0,1.0,0.0,1.0,1.0,1.0,0.8181818181818182,0.8181818181818182,0.8181818181818182,0.8181818181818182,0.8181818181818182,0.8181818181818182,0.8181818181818182,0.8181818181818182,0.8181818181818182,0.8181818181818182,0.8181818181818182
17:40:00,1.0,1.0,0.0,1.0,1.0,1.0,1.0,0.0,1.0,1.0,1.0,0.8181818181818182,0.8181818181818182,0.8181818181818182,0.8181818181818182,0.8181818181818182,0.8181818181818182,0.8181818181818182,0.8181818181818182,0.8181818181818182,0.8181818181818182,0.8181818181818182
17:50:00,1.0,1.0,0.0,1.0,1.0,1.0,1.0,0.0,0.0,1.0,1.0,0.7272727272727273,0.7272727272727273,0.7272727272727273,0.7272727272727273,0.7272727272727273,0.7272727272727273,0.7272727272727273,0.7272727272727273,0.7272727272727273,0.7272727272727273,0.7272727272727273
18:00:00,0.0,1.0,0.0,1.0,0.0,1.0,1.0,1.0,1.0,1.0,1.0,0.7272727272727273,0.7272727272727273,0.7272727272727273,0.7272727272727273,0.7272727272727273,0.7272727272727273,0.7272727272727273,0.7272727272727273,0.7272727272727273,0.7272727272727273,0.7272727272727273
18:10:00,1.0,1.0,0.0,1.0,0.0,1.0,1.0,0.0,1.0,1.0,1.0,0.7272727272727273,0.7272727272727273,0.7272727272727273,0.7272727272727273,0.7272727272727273,0.7272727272727273,0.7272727272727273,0.7272727272727273,0.7272727272727273,0.7272727272727273,0.7272727272727273
18:20:00,1,1,0,1,0,1,1,0,1,1,1,0.7272727272727273,0.7272727272727273,0.7272727272727273,0.7272727272727273,0.7272727272727273,0.7272727272727273,0.7272727272727273,0.7272727272727273,0.7272727272727273,0.7272727272727273,0.7272727272727273
18:30:00,1.0,1.0,0.0,1.0,0.0,1.0,1.0,0.0,1.0,1.0,1.0,0.7272727272727273,0.7272727272727273,0.7272727272727273,0.7272727272727273,0.7272727272727273,0.7272727272727273,0.7272727272727273,0.7272727272727273,0.7272727272727273,0.7272727272727273,0.7272727272727273
18:40:00,1.0,1.0,0.0,1.0,0.0,1.0,0.0,0.0,1.0,1.0,1.0,0.6363636363636364,0.6363636363636364,0.6363636363636364,0.6363636363636364,0.6363636363636364,0.6363636363636364,0.6363636363636364,0.6363636363636364,0.6363636363636364,0.6363636363636364,0.6363636363636364
18:50:00,0.0,1.0,0.0,1.0,0.0,1.0,0.0,0.0,1.0,1.0,1.0,0.5454545454545454,0.5454545454545454,0.5454545454545454,0.5454545454545454,0.5454545454545454,0.5454545454545454,0.5454545454545454,0.5454545454545454,0.5454545454545454,0.5454545454545454,0.5454545454545454
19:00:00,1.0,1.0,0.0,1.0,1.0,1.0,0.0,0.0,1.0,1.0,1.0,0.7272727272727273,0.7272727272727273,0.7272727272727273,0.7272727272727273,0.7272727272727273,0.7272727272727273,0.7272727272727273,0.7272727272727273,0.7272727272727273,0.7272727272727273,0.7272727272727273
19:10:00,1.0,1.0,0.0,1.0,1.0,1.0,0.0,0.0,1.0,1.0,1.0,0.7272727272727273,0.7272727272727273,0.7272727272727273,0.7272727272727273,0.7272727272727273,0.7272727272727273,0.7272727272727273,0.7272727272727273,0.7272727272727273,0.7272727272727273,0.7272727272727273
19:20:00,1,1,0,1,1,1,1,0,1,1,1,0.8181818181818182,0.8181818181818182,0.8181818181818182,0.8181818181818182,0.8181818181818182,0.8181818181818182,0.8181818181818182,0.8181818181818182,0.8181818181818182,0.8181818181818182,0.8181818181818182
19:30:00,1,1,0,1,1,1,1,0,1,1,1,0.8181818181818182,0.8181818181818182,0.8181818181818182,0.8181818181818182,0.8181818181818182,0.8181818181818182,0.8181818181818182,0.8181818181818182,0.8181818181818182,0.8181818181818182,0.8181818181818182
19:40:00,1.0,1.0,0.0,1.0,1.0,1.0,1.0,0.0,1.0,1.0,1.0,0.8181818181818182,0.8181818181818182,0.8181818181818182,0.8181818181818182,0.8181818181818182,0.8181818181818182,0.8181818181818182,0.8181818181818182,0.8181818181818182,0.8181818181818182,0.8181818181818182
19:50:00,1,1,0,1,1,1,1,0,1,1,1,0.8181818181818182,0.8181818181818182,0.8181818181818182,0.8181818181818182,0.8181818181818182,0.8181818181818182,0.8181818181818182,0.8181818181818182,0.8181818181818182,0.8181818181818182,0.8181818181818182
20:00:00,1,1,0,1,1,1,1,0,0,1,0,0.6363636363636364,0.6363636363636364,0.6363636363636364,0.6363636363636364,0.6363636363636364,0.6363636363636364,0.6363636363636364,0.6363636363636364,0.6363636363636364,0.6363636363636364,0.6363636363636364
20:10:00,0,1,0,1,1,1,1,0,0,1,0,0.5454545454545454,0.5454545454545454,0.5454545454545454,0.5454545454545454,0.5454545454545454,0.5454545454545454,0.5454545454545454,0.5454545454545454,0.5454545454545454,0.5454545454545454,0.5454545454545454
20:20:00,0.0,1.0,0.0,1.0,0.0,1.0,1.0,0.0,0.0,1.0,0.0,0.45454545454545453,0.45454545454545453,0.45454545454545453,0.45454545454545453,0.45454545454545453,0.45454545454545453,0.45454545454545453,0.45454545454545453,0.45454545454545453,0.45454545454545453,0.45454545454545453
20:30:00,1.0,1.0,0.0,1.0,0.0,1.0,1.0,0.0,0.0,1.0,0.0,0.5454545454545454,0.5454545454545454,0.5454545454545454,0.5454545454545454,0.5454545454545454,0.5454545454545454,0.5454545454545454,0.5454545454545454,0.5454545454545454,0.5454545454545454,0.5454545454545454
20:40:00,1,1,0,1,0,1,0,0,0,1,0,0.45454545454545453,0.45454545454545453,0.45454545454545453,0.45454545454545453,0.45454545454545453,0.45454545454545453,0.45454545454545453,0.45454545454545453,0.45454545454545453,0.45454545454545453,0.45454545454545453
20:50:00,1.0,1.0,0.0,1.0,0.0,1.0,0.0,0.0,0.0,1.0,0.0,0.45454545454545453,0.45454545454545453,0.45454545454545453,0.45454545454545453,0.45454545454545453,0.45454545454545453,0.45454545454545453,0.45454545454545453,0.45454545454545453,0.45454545454545453,0.45454545454545453
21:00:00,1,1,0,1,1,1,0,0,1,1,1,0.7272727272727273,0.7272727272727273,0.7272727272727273,0.7272727272727273,0.7272727272727273,0.7272727272727273,0.7272727272727273,0.7272727272727273,0.7272727272727273,0.7272727272727273,0.7272727272727273
21:10:00,1.0,1.0,0.0,1.0,1.0,1.0,0.0,0.0,1.0,1.0,1.0,0.7272727272727273,0.7272727272727273,0.7272727272727273,0.7272727272727273,0.7272727272727273,0.7272727272727273,0.7272727272727273,0.7272727272727273,0.7272727272727273,0.7272727272727273,0.7272727272727273
21:20:00,1.0,1.0,1.0,1.0,1.0,1.0,0.0,0.0,1.0,1.0,1.0,0.8181818181818182,0.8181818181818182,0.8181818181818182,0.8181818181818182,0.8181818181818182,0.8181818181818182,0.8181818181818182,0.8181818181818182,0.8181818181818182,0.8181818181818182,0.8181818181818182
21:30:00,1.0,1.0,1.0,1.0,1.0,1.0,0.0,0.0,1.0,1.0,1.0,0.8181818181818182,0.8181818181818182,0.8181818181818182,0.8181818181818182,0.8181818181818182,0.8181818181818182,0.8181818181818182,0.8181818181818182,0.8181818181818182,0.8181818181818182,0.8181818181818182
21:40:00,1.0,1.0,1.0,1.0,1.0,1.0,0.0,0.0,1.0,1.0,1.0,0.8181818181818182,0.8181818181818182,0.8181818181818182,0.8181818181818182,0.8181818181818182,0.8181818181818182,0.8181818181818182,0.8181818181818182,0.8181818181818182,0.8181818181818182,0.8181818181818182
21:50:00,1,1,1,1,1,1,0,0,1,1,1,0.8181818181818182,0.8181818181818182,0.8181818181818182,0.8181818181818182,0.8181818181818182,0.8181818181818182,0.8181818181818182,0.8181818181818182,0.8181818181818182,0.8181818181818182,0.8181818181818182
22:00:00,1,1,1,1,1,1,0,0,1,1,1,0.8181818181818182,0.8181818181818182,0.8181818181818182,0.8181818181818182,0.8181818181818182,0.8181818181818182,0.8181818181818182,0.8181818181818182,0.8181818181818182,0.8181818181818182,0.8181818181818182
22:10:00,1,1,1,1,1,1,0,0,1,1,1,0.8181818181818182,0.8181818181818182,0.8181818181818182,0.8181818181818182,0.8181818181818182,0.8181818181818182,0.8181818181818182,0.8181818181818182,0.8181818181818182,0.8181818181818182,0.8181818181818182
22:20:00,1,1,1,1,1,1,0,1,1,1,1,0.9090909090909091,0.9090909090909091,0.9090909090909091,0.9090909090909091,0.9090909090909091,0.9090909090909091,0.9090909090909091,0.9090909090909091,0.9090909090909091,0.9090909090909091,0.9090909090909091
22:30:00,1,1,1,1,1,1,0,1,1,1,1,0.9090909090909091,0.9090909090909091,0.9090909090909091,0.9090909090909091,0.9090909090909091,0.9090909090909091,0.9090909090909091,0.9090909090909091,0.9090909090909091,0.9090909090909091,0.9090909090909091
22:40:00,1.0,1.0,1.0,1.0,1.0,1.0,0.0,1.0,1.0,1.0,1.0,0.9090909090909091,0.9090909090909091,0.9090909090909091,0.9090909090909091,0.9090909090909091,0.9090909090909091,0.9090909090909091,0.9090909090909091,0.9090909090909091,0.9090909090909091,0.9090909090909091
22:50:00,1,1,1,1,1,1,1,1,1,1,1,1.0,1.0,1.0,1.0,1.0,1.0,1.0,1.0,1.0,1.0,1.0
23:00:00,1.0,1.0,1.0,1.0,1.0,0.0,1.0,1.0,1.0,1.0,1.0,0.9090909090909091,0.9090909090909091,0.9090909090909091,0.9090909090909091,0.9090909090909091,0.9090909090909091,0.9090909090909091,0.9090909090909091,0.9090909090909091,0.9090909090909091,0.9090909090909091
23:10:00,1.0,1.0,1.0,1.0,1.0,1.0,1.0,1.0,1.0,1.0,1.0,1.0,1.0,1.0,1.0,1.0,1.0,1.0,1.0,1.0,1.0,1.0
23:20:00,1,1,1,1,1,1,1,1,1,1,1,1.0,1.0,1.0,1.0,1.0,1.0,1.0,1.0,1.0,1.0,1.0
23:30:00,1,1,1,1,1,1,1,1,1,1,1,1.0,1.0,1.0,1.0,1.0,1.0,1.0,1.0,1.0,1.0,1.0
23:40:00,1,1,1,1,1,1,1,1,1,1,1,1.0,1.0,1.0,1.0,1.0,1.0,1.0,1.0,1.0,1.0,1.0
23:50:00,1,1,1,1,1,1,1,1,1,1,1,1.0,1.0,1.0,1.0,1.0,1.0,1.0,1.0,1.0,1.0,1.0
